feature,coefficient
strand_propensity,2.305719626829402
volume,1.048200433636668
homoplasy_alleles,1.0005783780985475
contact_density_seq,0.17997026680995537
homoplasy_count,-0.036710061348013426
helix_propensity,-0.7098552349508758
rel_position,-0.8145024372559333
hbond,-1.8207706725747315
charge,-2.2072046574847506
inner_distance,-2.661713854716207
conservation_blosum,-3.0031172893857914
hydrophobicity,-3.7649142808373135
