{
  "n_samples": 6356,
  "n_positives": 32,
  "positive_rate": 0.005034612964128383,
  "auroc": 0.9136869465528148,
  "auprc": 0.499998957473275,
  "auprc_x_random": 99.31229292812924
}