model,auroc_mean,auroc_std,auprc_mean,auprc_std,top20_mean,top20_std
LogisticRegression,0.9096409472880062,0.09162665493524003,0.3957004470027242,0.2675538413345343,0.44000000000000006,0.33823069050575527
ElasticNet,0.9082734912146677,0.09521505721908952,0.39379233158975036,0.2611890023879855,0.49000000000000005,0.36110940170535577
RandomForest,0.914083269671505,0.0971972622577334,0.2824650561571236,0.17110917464152245,0.44000000000000006,0.19849433241279207
SVM_RBF,0.776401833460657,0.14954591187379485,0.026997129214624754,0.013964563988679218,0.05,0.1
GradientBoosting,0.9100763941940413,0.08784406036132685,0.3222610860388434,0.24804738070609303,0.5900000000000001,0.34985711369071804
MLPClassifier,0.8707639419404124,0.08545374640551173,0.24601384969928977,0.20760063082449,0.3,0.2449489742783178
XGBoost,0.8880634071810543,0.0959863560063696,0.3539906769954335,0.2727942710962412,0.58,0.26570660511172844
