model,auroc_mean,auroc_std,auprc_mean,auprc_std,top20_mean,top20_std
LogisticRegression,0.9096409472880062,0.09162665493524003,0.3957004470027242,0.2675538413345343,0.44000000000000006,0.33823069050575527
ElasticNet,0.9082734912146677,0.09521505721908952,0.39379233158975036,0.2611890023879855,0.49000000000000005,0.36110940170535577
RandomForest,0.914083269671505,0.0971972622577334,0.2824650561571236,0.17110917464152245,0.44000000000000006,0.19849433241279207
