{
  "global": {
    "stage1_auroc": 0.8527362055933484,
    "stage3_auroc": 0.9285563114134543,
    "stage1_auprc": 0.19450097019023552,
    "stage3_auprc": 0.2540930200114472,
    "stage1_top20": 0.3380952380952381,
    "stage3_top20": 0.43809523809523815
  },
  "per_gene": {
    "embB": {
      "stage1_auroc": 0.9990867579908675,
      "stage3_auroc": 0.9990867579908675,
      "delta": 0.0
    },
    "gyrA": {
      "stage1_auroc": 0.9994004796163068,
      "stage3_auroc": 0.9994004796163068,
      "delta": 0.0
    },
    "inhA": {
      "stage1_auroc": 0.6455938697318008,
      "stage3_auroc": 0.5568326947637292,
      "delta": -0.08876117496807157
    },
    "pncA": {
      "stage1_auroc": 0.7529143897996357,
      "stage3_auroc": 0.7678506375227686,
      "delta": 0.014936247723132956
    },
    "rpoB": {
      "stage1_auroc": 0.8122807017543859,
      "stage3_auroc": 0.9457602339181287,
      "delta": 0.13347953216374275
    },
    "rpsL": {
      "stage1_auroc": NaN,
      "stage3_auroc": NaN,
      "delta": NaN
    }
  }
}