{
  "global": {
    "stage1_auroc": 0.8536501776139872,
    "stage3_auroc": 0.9277305813517234,
    "stage1_auprc": 0.27225563573684103,
    "stage3_auprc": 0.32317504305428474,
    "stage1_top20": 0.3333333333333333,
    "stage3_top20": 0.48666666666666664
  },
  "per_gene": {
    "embB": {
      "stage1_auroc": 0.9990867579908675,
      "stage3_auroc": 0.9990867579908675,
      "delta": 0.0
    },
    "gyrA": {
      "stage1_auroc": 0.997610513739546,
      "stage3_auroc": 1.0,
      "delta": 0.002389486260453988
    },
    "inhA": {
      "stage1_auroc": 0.4067398119122257,
      "stage3_auroc": 0.6815134099616857,
      "delta": 0.27477359804946005
    },
    "pncA": {
      "stage1_auroc": 0.7529143897996357,
      "stage3_auroc": 0.7678506375227686,
      "delta": 0.014936247723132956
    },
    "rpoB": {
      "stage1_auroc": 0.831576361264139,
      "stage3_auroc": 0.9147684381441028,
      "delta": 0.08319207687996377
    },
    "rpsL": {
      "stage1_auroc": NaN,
      "stage3_auroc": NaN,
      "delta": NaN
    }
  }
}