{
  "generated_at": "2026-06-19T17:27:33.973030+00:00",
  "dataset": {
    "n_residues": 6350,
    "n_positives": 32,
    "positive_rate": 0.00504,
    "n_features_stage2": 16,
    "features": [
      "inner_distance",
      "homoplasy_count",
      "homoplasy_alleles",
      "helix_propensity",
      "strand_propensity",
      "hydrophobicity",
      "volume",
      "charge",
      "hbond",
      "rel_position",
      "conservation_blosum",
      "contact_density_seq",
      "sasa_relative",
      "esm2_intolerance",
      "contact_density_3d",
      "drug_proximity"
    ],
    "n_resistance_genes": 13
  },
  "stage_progression": {
    "stage0_auroc": 0.888,
    "stage1_auroc": 0.9058,
    "stage2_auroc": 0.9707,
    "stage1_auprc": 0.2048,
    "stage2_auprc": 0.5597,
    "stage1_top20_recall": 0.3857,
    "stage2_top20_recall": 0.6571
  },
  "stratified_5fold_cv": {
    "auroc_mean": 0.9675,
    "auroc_std": 0.0336,
    "auprc_mean": 0.4645,
    "auprc_std": 0.1565,
    "auprc_x_random": 92.2,
    "best_f1_mean": 0.5505,
    "best_f1_std": 0.1192,
    "best_f1_precision_mean": 0.631,
    "best_f1_recall_mean": 0.5619,
    "f1_at_05_mean": 0.3843,
    "f1_at_05_std": 0.1419,
    "precision_at_05_mean": 0.6667,
    "precision_at_05_std": 0.2789,
    "recall_at_05_mean": 0.3238,
    "recall_at_05_std": 0.1914,
    "top20_recall_mean": 0.6619,
    "top20_recall_std": 0.0957,
    "top50_recall_mean": 0.8286,
    "top100_recall_mean": 0.8571,
    "pooled_oof": {
      "auroc": 0.9638,
      "auprc": 0.4348,
      "best_f1": 0.5,
      "best_f1_threshold": 0.2352,
      "best_f1_precision": 0.5357,
      "best_f1_recall": 0.4688,
      "f1_at_05": 0.4,
      "precision_at_05": 0.5556,
      "recall_at_05": 0.3125,
      "top20_recall": 0.3438,
      "top20_n": 11,
      "top50_recall": 0.5,
      "top50_n": 16,
      "top100_recall": 0.6562,
      "top100_n": 21,
      "n_positives_in_fold": 32
    },
    "folds": [
      {
        "auroc": 0.9897151898734177,
        "auprc": 0.6125925925925925,
        "best_f1": 0.6666666666666666,
        "best_f1_threshold": 0.6799139976501465,
        "best_f1_precision": 0.6666666666666666,
        "best_f1_recall": 0.6666666666666666,
        "f1_at_05": 0.5714285714285714,
        "precision_at_05": 0.5,
        "recall_at_05": 0.6666666666666666,
        "top20_recall": 0.6666666666666666,
        "top20_n": 4,
        "top50_recall": 1.0,
        "top50_n": 6,
        "top100_recall": 1.0,
        "top100_n": 6,
        "n_positives_in_fold": 6
      },
      {
        "auroc": 0.9938027426160337,
        "auprc": 0.5373931623931624,
        "best_f1": 0.5,
        "best_f1_threshold": 0.9251314401626587,
        "best_f1_precision": 1.0,
        "best_f1_recall": 0.3333333333333333,
        "f1_at_05": 0.5,
        "precision_at_05": 1.0,
        "recall_at_05": 0.3333333333333333,
        "top20_recall": 0.6666666666666666,
        "top20_n": 4,
        "top50_recall": 1.0,
        "top50_n": 6,
        "top100_recall": 1.0,
        "top100_n": 6,
        "n_positives_in_fold": 6
      },
      {
        "auroc": 0.9930116033755274,
        "auprc": 0.6192550505050505,
        "best_f1": 0.6666666666666666,
        "best_f1_threshold": 0.3791808784008026,
        "best_f1_precision": 0.6666666666666666,
        "best_f1_recall": 0.6666666666666666,
        "f1_at_05": 0.4,
        "precision_at_05": 0.5,
        "recall_at_05": 0.3333333333333333,
        "top20_recall": 0.8333333333333334,
        "top20_n": 5,
        "top50_recall": 1.0,
        "top50_n": 6,
        "top100_recall": 1.0,
        "top100_n": 6,
        "n_positives_in_fold": 6
      },
      {
        "auroc": 0.9072503110507861,
        "auprc": 0.29454927070256115,
        "best_f1": 0.5714285714285714,
        "best_f1_threshold": 0.2351936548948288,
        "best_f1_precision": 0.5714285714285714,
        "best_f1_recall": 0.5714285714285714,
        "f1_at_05": 0.2,
        "precision_at_05": 0.3333333333333333,
        "recall_at_05": 0.14285714285714285,
        "top20_recall": 0.5714285714285714,
        "top20_n": 4,
        "top50_recall": 0.5714285714285714,
        "top50_n": 4,
        "top100_recall": 0.5714285714285714,
        "top100_n": 4,
        "n_positives_in_fold": 7
      },
      {
        "auroc": 0.9538513742789277,
        "auprc": 0.25881018842744785,
        "best_f1": 0.34782608695652173,
        "best_f1_threshold": 0.01817532442510128,
        "best_f1_precision": 0.25,
        "best_f1_recall": 0.5714285714285714,
        "f1_at_05": 0.25,
        "precision_at_05": 1.0,
        "recall_at_05": 0.14285714285714285,
        "top20_recall": 0.5714285714285714,
        "top20_n": 4,
        "top50_recall": 0.5714285714285714,
        "top50_n": 4,
        "top100_recall": 0.7142857142857143,
        "top100_n": 5,
        "n_positives_in_fold": 7
      }
    ]
  },
  "groupkfold_by_gene": {
    "auroc_mean": 0.9737,
    "auroc_std": 0.0178,
    "auprc_mean": 0.5858,
    "auprc_std": 0.2255,
    "best_f1_mean": 0.6757,
    "best_f1_std": 0.1908,
    "best_f1_precision_mean": 0.7649,
    "best_f1_recall_mean": 0.6682,
    "top20_recall_mean": 0.7411,
    "top20_recall_std": 0.1775,
    "n_folds": 4,
    "folds": [
      {
        "auroc": 0.9985967184801382,
        "auprc": 0.8545080532212885,
        "best_f1": 0.875,
        "best_f1_threshold": 0.00447459751740098,
        "best_f1_precision": 0.875,
        "best_f1_recall": 0.875,
        "f1_at_05": 0.5454545454545454,
        "precision_at_05": 1.0,
        "recall_at_05": 0.375,
        "top20_recall": 1.0,
        "top20_n": 8,
        "top50_recall": 1.0,
        "top50_n": 8,
        "top100_recall": 1.0,
        "top100_n": 8,
        "n_positives_in_fold": 8
      },
      {
        "auroc": 0.9778498713502629,
        "auprc": 0.3125741700160305,
        "best_f1": 0.5,
        "best_f1_threshold": 0.9292171597480774,
        "best_f1_precision": 0.38461538461538464,
        "best_f1_recall": 0.7142857142857143,
        "f1_at_05": 0.2702702702702703,
        "precision_at_05": 0.16666666666666666,
        "recall_at_05": 0.7142857142857143,
        "top20_recall": 0.7142857142857143,
        "top20_n": 5,
        "top50_recall": 0.7142857142857143,
        "top50_n": 5,
        "top100_recall": 1.0,
        "top100_n": 7,
        "n_positives_in_fold": 7
      },
      {
        "auroc": 0.948941798941799,
        "auprc": 0.4198436904820392,
        "best_f1": 0.47058823529411764,
        "best_f1_threshold": 0.14783646166324615,
        "best_f1_precision": 0.8,
        "best_f1_recall": 0.3333333333333333,
        "f1_at_05": 0.2857142857142857,
        "precision_at_05": 1.0,
        "recall_at_05": 0.16666666666666666,
        "top20_recall": 0.5,
        "top20_n": 6,
        "top50_recall": 0.5833333333333334,
        "top50_n": 7,
        "top100_recall": 0.6666666666666666,
        "top100_n": 8,
        "n_positives_in_fold": 12
      },
      {
        "auroc": 0.9692947702060222,
        "auprc": 0.7562893081761006,
        "best_f1": 0.8571428571428571,
        "best_f1_threshold": 0.7265159487724304,
        "best_f1_precision": 1.0,
        "best_f1_recall": 0.75,
        "f1_at_05": 0.75,
        "precision_at_05": 0.75,
        "recall_at_05": 0.75,
        "top20_recall": 0.75,
        "top20_n": 3,
        "top50_recall": 0.75,
        "top50_n": 3,
        "top100_recall": 0.75,
        "top100_n": 3,
        "n_positives_in_fold": 4
      }
    ]
  },
  "ranking_full_model": {
    "all_positives_in_top_n": 32,
    "last_positive_rank": 32,
    "first_negative_rank": 33,
    "top20_recall": 0.625,
    "top20_n": 20,
    "top50_recall": 1.0,
    "top50_n": 32,
    "top100_recall": 1.0,
    "top100_n": 32,
    "score_gap_last_pos_first_neg": 0.4009,
    "last_positive_score": 0.6499614615924656,
    "first_negative_score": 0.2490506585687399
  },
  "baselines": {
    "esm2_only_auroc": 0.6178,