mutation,gene,rank,n_carriers,resistance_frac_str,odds_ratio,pvalue_fdr
Q445R,embB,39,56,100%,inf,2.548899791333267e-36
D94A,gyrA,119,147,59%,9.21905925473427,5.521900873316763e-36
Q497K,embB,132,71,84%,20.181695220919742,1.1866327409279722e-20
D94H,gyrA,148,44,77%,21.039763313609463,4.872167866184797e-20
G406S,embB,8,99,75%,11.066326123393727,8.531310209624102e-20
D435G,rpoB,60,61,90%,14.673004897724,3.2358667357840392e-16
H445L,rpoB,181,76,82%,7.091847775682443,1.09445768810076e-13
H445R,rpoB,62,33,97%,49.39875322441961,1.3402720095893048e-11
I491L,rpoB,217,20,100%,inf,2.105455094987489e-08
Q497P,embB,137,26,88%,27.829474621549423,2.47318231074138e-08
D328G,embB,10,16,92%,40.74888888888889,1.2221413234032031e-06
Q432K,rpoB,202,14,100%,inf,4.753015517744301e-06
Q432P,rpoB,233,17,94%,25.41418470109278,7.086594086095109e-06
D328Y,embB,280,14,90%,33.31039076376554,1.7769795553446764e-05
Q432L,rpoB,261,14,93%,20.63576017130621,8.831530298032603e-05
G406C,embB,236,17,73%,9.862997484835034,0.0007966672573249
Q429L,rpoB,302,8,100%,inf,0.0010050997914857
H445Q,rpoB,253,10,90%,14.274069319640564,0.0022674862342378
S441L,rpoB,87,10,90%,14.274069319640564,0.0022674862342378
V170A,rpoB,81,6,100%,inf,0.0057105081834448
L430R,rpoB,196,11,82%,7.13607188703466,0.0073777192094431
Q432H,rpoB,246,4,100%,inf,0.0317916040531538
H445P,rpoB,262,4,100%,inf,0.0317916040531538
Q429H,rpoB,270,4,100%,inf,0.0317916040531538
Q127P,katG,292,8,88%,7.308474576271187,0.0480769167626414
