mutation,gene,rank,n_carriers,resistance_frac_str,odds_ratio,pvalue_fdr
D94A,gyrA,210,147,59%,9.21905925473427,1.1043801746633526e-35
Q497K,embB,122,71,84%,20.181695220919742,1.7799491113919584e-20
D94H,gyrA,209,44,77%,21.039763313609463,6.49622382157973e-20
G406S,embB,32,99,75%,11.066326123393727,1.0664137762030128e-19
I21T,inhA,33,64,98%,66.40657084188912,6.619781924955553e-18
I194T,inhA,31,64,97%,32.66535500427716,2.1501843812324991e-16
D435G,rpoB,5,61,90%,14.673004897724,2.773600059243461e-16
G88C,gyrA,206,24,88%,43.01526717557252,7.276801480168614e-15
H445L,rpoB,68,76,82%,7.091847775682443,8.512448685228134e-14
H445R,rpoB,19,33,97%,49.39875322441961,1.0722176076714438e-11
I491L,rpoB,165,20,100%,inf,1.7226450777170367e-08
Q497P,embB,117,26,88%,27.829474621549423,2.06098525895115e-08
S94A,inhA,71,46,89%,8.605386975792703,3.910281552180327e-08
Q432K,rpoB,253,14,100%,inf,4.074013300923687e-06
Q432P,rpoB,254,17,94%,25.41418470109278,6.141714874615761e-06
Q432L,rpoB,250,14,93%,20.63576017130621,8.279559654405566e-05
G406C,embB,161,17,73%,9.862997484835034,0.0007498044774822
H445Q,rpoB,120,10,90%,14.274069319640564,0.0023934576916954
V170A,rpoB,58,6,100%,inf,0.0059942303744095
I21V,inhA,40,16,87%,6.792246352222599,0.0059942303744095
L430R,rpoB,88,11,82%,7.13607188703466,0.0073777192094431
H445P,rpoB,101,4,100%,inf,0.0331738477076387
Q432H,rpoB,261,4,100%,inf,0.0331738477076387
V78A,inhA,284,6,0%,0.0,0.0445099991939383
