model,auroc_mean,auroc_std,auprc_mean,auprc_std,top20_mean,top20_std
LogisticRegression,0.9096409472880062,0.09162665493524,0.3957004470027242,0.2675538413345343,0.44,0.3382306905057552
ElasticNet,0.9082734912146676,0.0952150572190895,0.3937923315897503,0.2611890023879855,0.49,0.3611094017053557
RandomForest,0.914083269671505,0.0971972622577334,0.2824650561571236,0.1711091746415224,0.44,0.198494332412792
SVM_RBF,0.776401833460657,0.1495459118737948,0.0269971292146247,0.0139645639886792,0.05,0.1
GradientBoosting,0.9100763941940412,0.0878440603613268,0.3222610860388434,0.248047380706093,0.5900000000000001,0.349857113690718
MLPClassifier,0.8707639419404124,0.0854537464055117,0.2460138496992897,0.20760063082449,0.3,0.2449489742783178
XGBoost,0.8880634071810543,0.0959863560063696,0.3539906769954335,0.2727942710962412,0.58,0.2657066051117284
